Broz & Hoez,Draconis,Dream pop,Delano,Doppler effect,Dracula,Delhi,Zoey Deschanel,Delaware,Dolly,Depth
Bashar Al-Assad and the Baghdad Boys,Draco,Dreampop,Delano,Duration theory,Dracula,Deez Nutz,Zoey Descanel,Danube,Dolly,Dan Schneider
Banner Elk Fellows,Drogo,DREAM POP GET FUCKED,Deleno,Delayed responce,Dracula,desi (idfk),zooey deschanel,Lake dumb,DOLLY,Dermot Kennedy
Team Half a Brain,Dragus,Dray pop,Delanor,Duration Theory,Dracula,Doughnut,Deschanel,Dorian,Dolly,Dermot Kennedy
Compact Carr,Draco,Dream Pop,Delano,Extra Duration Syndrome,Dracula,Danaan,Zooey Deschanel,Detroit,Dolly,Dylan O'Brian
Barely Legal,Draecanae,Dream pop,Delano,Dramatization,Dracula,Dhruthi,Zoe Deschanel,Denver River,Dolly,Dua Lipa
Emma and the Post,Draco,Dream pop,Delano,disproportionate theory,Dracula,dram,Zoey Deschanel,Detroit,Dolly,dean lewis
SATAN'S BUTTHOLE,Draco,Dream rock,Delano,Delayed processing,Dracula,Diwali,Zoey Deschanel,Delaware River,Dolly,Dermot Kennedy
The First Ladies,Draco Malfoy,Dream Pop,Delano,Dual-Proccess,Deathly Hallows,Darma,Zoe Deschanel,Dong River,Dolly,Dermont Kennedy
Brewdaddy and Maddie,Drago,Dreampop,Delano,Dramatization,Dracula,Dikush,Zooey Deschannel,Deleware river,Dolly,Derrek
